filename,size,texture,variant,color,class
helmet_large_bumpy_01_red.png,large,bumpy,1,red,helmet
helmet_large_bumpy_01_green.png,large,bumpy,1,green,helmet
helmet_large_bumpy_01_blue.png,large,bumpy,1,blue,helmet
helmet_large_bumpy_01_yellow.png,large,bumpy,1,yellow,helmet
helmet_large_bumpy_01_orange.png,large,bumpy,1,orange,helmet
helmet_large_bumpy_01_purple.png,large,bumpy,1,purple,helmet
helmet_large_bumpy_01_pink.png,large,bumpy,1,pink,helmet
helmet_large_bumpy_01_brown.png,large,bumpy,1,brown,helmet
helmet_large_bumpy_01_black.png,large,bumpy,1,black,helmet
helmet_large_bumpy_01_gray.png,large,bumpy,1,gray,helmet
helmet_large_bumpy_02_red.png,large,bumpy,2,red,helmet
helmet_large_bumpy_02_green.png,large,bumpy,2,green,helmet
helmet_large_bumpy_02_blue.png,large,bumpy,2,blue,helmet
helmet_large_bumpy_02_yellow.png,large,bumpy,2,yellow,helmet
helmet_large_bumpy_02_orange.png,large,bumpy,2,orange,helmet
helmet_large_bumpy_02_purple.png,large,bumpy,2,purple,helmet
helmet_large_bumpy_02_pink.png,large,bumpy,2,pink,helmet
helmet_large_bumpy_02_brown.png,large,bumpy,2,brown,helmet
helmet_large_bumpy_02_black.png,large,bumpy,2,black,helmet
helmet_large_bumpy_02_gray.png,large,bumpy,2,gray,helmet
helmet_large_smooth_01_red.png,large,smooth,1,red,helmet
helmet_large_smooth_01_green.png,large,smooth,1,green,helmet
helmet_large_smooth_01_blue.png,large,smooth,1,blue,helmet
helmet_large_smooth_01_yellow.png,large,smooth,1,yellow,helmet
helmet_large_smooth_01_orange.png,large,smooth,1,orange,helmet
helmet_large_smooth_01_purple.png,large,smooth,1,purple,helmet
helmet_large_smooth_01_pink.png,large,smooth,1,pink,helmet
helmet_large_smooth_01_brown.png,large,smooth,1,brown,helmet
helmet_large_smooth_01_black.png,large,smooth,1,black,helmet
helmet_large_smooth_01_gray.png,large,smooth,1,gray,helmet
helmet_large_smooth_02_red.png,large,smooth,2,red,helmet
helmet_large_smooth_02_green.png,large,smooth,2,green,helmet
helmet_large_smooth_02_blue.png,large,smooth,2,blue,helmet
helmet_large_smooth_02_yellow.png,large,smooth,2,yellow,helmet
helmet_large_smooth_02_orange.png,large,smooth,2,orange,helmet
helmet_large_smooth_02_purple.png,large,smooth,2,purple,helmet
helmet_large_smooth_02_pink.png,large,smooth,2,pink,helmet
helmet_large_smooth_02_brown.png,large,smooth,2,brown,helmet
helmet_large_smooth_02_black.png,large,smooth,2,black,helmet
helmet_large_smooth_02_gray.png,large,smooth,2,gray,helmet
helmet_medium_bumpy_01_red.png,medium,bumpy,1,red,helmet
helmet_medium_bumpy_01_green.png,medium,bumpy,1,green,helmet
helmet_medium_bumpy_01_blue.png,medium,bumpy,1,blue,helmet
helmet_medium_bumpy_01_yellow.png,medium,bumpy,1,yellow,helmet
helmet_medium_bumpy_01_orange.png,medium,bumpy,1,orange,helmet
helmet_medium_bumpy_01_purple.png,medium,bumpy,1,purple,helmet
helmet_medium_bumpy_01_pink.png,medium,bumpy,1,pink,helmet
helmet_medium_bumpy_01_brown.png,medium,bumpy,1,brown,helmet
helmet_medium_bumpy_01_black.png,medium,bumpy,1,black,helmet
helmet_medium_bumpy_01_gray.png,medium,bumpy,1,gray,helmet
helmet_medium_bumpy_02_red.png,medium,bumpy,2,red,helmet
helmet_medium_bumpy_02_green.png,medium,bumpy,2,green,helmet
helmet_medium_bumpy_02_blue.png,medium,bumpy,2,blue,helmet
helmet_medium_bumpy_02_yellow.png,medium,bumpy,2,yellow,helmet
helmet_medium_bumpy_02_orange.png,medium,bumpy,2,orange,helmet
helmet_medium_bumpy_02_purple.png,medium,bumpy,2,purple,helmet
helmet_medium_bumpy_02_pink.png,medium,bumpy,2,pink,helmet
helmet_medium_bumpy_02_brown.png,medium,bumpy,2,brown,helmet
helmet_medium_bumpy_02_black.png,medium,bumpy,2,black,helmet
helmet_medium_bumpy_02_gray.png,medium,bumpy,2,gray,helmet
helmet_medium_smooth_01_red.png,medium,smooth,1,red,helmet
helmet_medium_smooth_01_green.png,medium,smooth,1,green,helmet
helmet_medium_smooth_01_blue.png,medium,smooth,1,blue,helmet
helmet_medium_smooth_01_yellow.png,medium,smooth,1,yellow,helmet
helmet_medium_smooth_01_orange.png,medium,smooth,1,orange,helmet
helmet_medium_smooth_01_purple.png,medium,smooth,1,purple,helmet
helmet_medium_smooth_01_pink.png,medium,smooth,1,pink,helmet
helmet_medium_smooth_01_brown.png,medium,smooth,1,brown,helmet
helmet_medium_smooth_01_black.png,medium,smooth,1,black,helmet
helmet_medium_smooth_01_gray.png,medium,smooth,1,gray,helmet
helmet_medium_smooth_02_red.png,medium,smooth,2,red,helmet
helmet_medium_smooth_02_green.png,medium,smooth,2,green,helmet
helmet_medium_smooth_02_blue.png,medium,smooth,2,blue,helmet
helmet_medium_smooth_02_yellow.png,medium,smooth,2,yellow,helmet
helmet_medium_smooth_02_orange.png,medium,smooth,2,orange,helmet
helmet_medium_smooth_02_purple.png,medium,smooth,2,purple,helmet
helmet_medium_smooth_02_pink.png,medium,smooth,2,pink,helmet
helmet_medium_smooth_02_brown.png,medium,smooth,2,brown,helmet
helmet_medium_smooth_02_black.png,medium,smooth,2,black,helmet
helmet_medium_smooth_02_gray.png,medium,smooth,2,gray,helmet
helmet_small_bumpy_01_red.png,small,bumpy,1,red,helmet
helmet_small_bumpy_01_green.png,small,bumpy,1,green,helmet
helmet_small_bumpy_01_blue.png,small,bumpy,1,blue,helmet
helmet_small_bumpy_01_yellow.png,small,bumpy,1,yellow,helmet
helmet_small_bumpy_01_orange.png,small,bumpy,1,orange,helmet
helmet_small_bumpy_01_purple.png,small,bumpy,1,purple,helmet
helmet_small_bumpy_01_pink.png,small,bumpy,1,pink,helmet
helmet_small_bumpy_01_brown.png,small,bumpy,1,brown,helmet
helmet_small_bumpy_01_black.png,small,bumpy,1,black,helmet
helmet_small_bumpy_01_gray.png,small,bumpy,1,gray,helmet
helmet_small_bumpy_02_red.png,small,bumpy,2,red,helmet
helmet_small_bumpy_02_green.png,small,bumpy,2,green,helmet
helmet_small_bumpy_02_blue.png,small,bumpy,2,blue,helmet
helmet_small_bumpy_02_yellow.png,small,bumpy,2,yellow,helmet
helmet_small_bumpy_02_orange.png,small,bumpy,2,orange,helmet
helmet_small_bumpy_02_purple.png,small,bumpy,2,purple,helmet
helmet_small_bumpy_02_pink.png,small,bumpy,2,pink,helmet
helmet_small_bumpy_02_brown.png,small,bumpy,2,brown,helmet
helmet_small_bumpy_02_black.png,small,bumpy,2,black,helmet
helmet_small_bumpy_02_gray.png,small,bumpy,2,gray,helmet
helmet_small_smooth_01_red.png,small,smooth,1,red,helmet
helmet_small_smooth_01_green.png,small,smooth,1,green,helmet
helmet_small_smooth_01_blue.png,small,smooth,1,blue,helmet
helmet_small_smooth_01_yellow.png,small,smooth,1,yellow,helmet
helmet_small_smooth_01_orange.png,small,smooth,1,orange,helmet
helmet_small_smooth_01_purple.png,small,smooth,1,purple,helmet
helmet_small_smooth_01_pink.png,small,smooth,1,pink,helmet
helmet_small_smooth_01_brown.png,small,smooth,1,brown,helmet
helmet_small_smooth_01_black.png,small,smooth,1,black,helmet
helmet_small_smooth_01_gray.png,small,smooth,1,gray,helmet
helmet_small_smooth_02_red.png,small,smooth,2,red,helmet
helmet_small_smooth_02_green.png,small,smooth,2,green,helmet
helmet_small_smooth_02_blue.png,small,smooth,2,blue,helmet
helmet_small_smooth_02_yellow.png,small,smooth,2,yellow,helmet
helmet_small_smooth_02_orange.png,small,smooth,2,orange,helmet
helmet_small_smooth_02_purple.png,small,smooth,2,purple,helmet
helmet_small_smooth_02_pink.png,small,smooth,2,pink,helmet
helmet_small_smooth_02_brown.png,small,smooth,2,brown,helmet
helmet_small_smooth_02_black.png,small,smooth,2,black,helmet
helmet_small_smooth_02_gray.png,small,smooth,2,gray,helmet
